ligo.warning.d3b8806b-7c08-424a-8440-d64dad7fca20,544
ligo.warning.1644f40d-2b9a-4570-9dd5-c0fad36a771b,416
ligo.warning.3b7e9cb0-25ae-4401-8ac2-a3bd0c2e1300,544
ligo.warning.a7fcf40a-f9ac-4edc-b6e4-d36f056baa82,416
ligo.warning.33080363-2f62-4d88-8d86-998c0cfdcd7e,416
ligo.warning.5b005f4a-2ecb-4250-b5aa-0c74650e4a49,544
ligo.warning.76fbc427-fe90-4663-9c30-4937916c83cb,416
ligo.warning.2108ef72-5a18-457b-a764-f2fddd6f1814,416
ligo.warning.ff8cfa80-6c5e-4d41-afae-33bd5f594df4,544
ligo.warning.0ebe8cab-63cd-47fb-a732-087cda89eb92,544
ligo.warning.234f3498-4867-4ebf-9b10-ee52c946dd3f,544
ligo.warning.69717b72-7564-4b23-b015-61df982909a3,416
ligo.warning.7923ad2d-387e-4ca5-81c0-4d9664440a6f,544
ligo.warning.51cbbe29-7789-4278-9f07-a91c8e44ba79,544
ligo.warning.8d4e0c75-701b-4fcc-bd91-864f433a20a9,416
ligo.warning.305a9ebf-f308-47ff-a20c-05226dd1291a,544
ligo.warning.1ac78089-1fb9-4352-8fc5-69ca3a2cee7e,416
ligo.warning.35372526-1089-4957-936f-a729079c63b6,544
ligo.warning.3e6d19d9-d798-49ba-a746-d7d5ada0d5ea,608
ligo.warning.0500a349-a724-46dc-9b26-50908043209d,544
ligo.warning.30b7cefb-478e-4550-b58e-bc88ffec36b1,608
ligo.warning.e2fb90c6-017d-40c7-ba82-9d66b27424bd,544
ligo.warning.dda72252-0688-4a6e-a8e9-966d5a0138cf,416
ligo.warning.f17314fc-eb2f-44ab-9b77-c6c17302d1c2,544
ligo.warning.e7012fcb-63bd-45b2-93c3-28af5f54e658,544
ligo.warning.f5946898-37f5-4ca1-9dfd-97027cfbcfac,544
ligo.warning.55fb0b5e-8ec2-4d1b-bda2-c6e952b27146,416
ligo.warning.d1efb45f-637d-431c-b67e-acb33e3a266e,416
ligo.warning.39a1690b-d0ea-45c8-b200-36be286ffead,544
ligo.warning.063b9479-a673-4dbc-8aa4-be202795282b,544
ligo.warning.c3b7462f-4c80-43f6-b8d0-6c36acf6863f,416
PortfolioRedis:076e2aba-ae58-485b-909f-a3434b9cc07c:idx,296
ligo.warning.187d346a-c3fc-4108-985d-c57560c4f887,416
ligo.warning.42c51174-b3d4-4b44-affa-101dea20dff8,416
ligo.warning.efd87674-7d13-403c-a184-ef535049086e,608
ligo.warning.ef05bbb6-5b9c-4fe7-b32f-ed9ddd7b6fbe,544
ligo.warning.0486b655-70d6-4586-b8f5-f0d51c5e7136,544
ligo.warning.fcbad08a-aad9-49c2-945a-8f72f0c04c30,416
ligo.warning.03358728-303e-4818-9077-c7f80b611d3b,608
ligo.warning.9dc41a03-1448-49ae-9bc8-10f630ecc07b,544
ligo.warning.20a1a552-a66a-4026-b28d-e3adeae5871b,416
ligo.warning.3b0e4de2-2e94-4434-bc95-782e7cd9bf43,544
ligo.warning.52bfa2b9-dd6a-4359-a78d-b2c16a4f253f,416
ligo.warning.5ebeb731-c102-4bef-9a98-20f02b1bcdff,416
ligo.warning.6dbdd327-57e0-4ce1-9731-654d8063cb3c,416
ligo.warning.5c42e85e-2eb6-4196-9206-110f57520a0a,416
ligo.warning.a5f28a72-fc63-450c-bc43-7aa754f962d5,416
ligo.warning.9677bdbc-4e22-45e7-a931-a390da7ba3f5,416
ligo.warning.96ddcb62-1aec-4fd7-98e7-c4f07129aaee,544
ligo.warning.90948e4d-9612-4e87-bd37-f2f7c363609b,544
ligo.warning.cd2fd59a-cecf-41c9-a79a-1126f158f95c,544
ligo.warning.3d9640a8-638d-4296-adc0-939f1dcdd49c,608
ligo.warning.bf2e691c-2d46-4453-95e4-c4054f089667,544
ligo.warning.982c6cf6-b9cf-47f8-9fab-ceeb4df0f114,544
ligo.warning.538c251a-3629-4382-a041-584e821d8fc7,544
ligo.warning.956c0369-3b72-4487-9663-1e8d70811269,544
ligo.warning.36aef2dc-56b1-4f6c-857b-3fdfe668281a,544
ligo.warning.891b6fef-9779-4fe8-962c-b018deb916b4,416
ligo.warning.2ba3bfea-367c-49f0-928a-39ce652697db,416
ligo.warning.6aab1c89-d61a-44e6-acc8-fa77acfbdf52,416
ligo.warning.bf42c323-3c74-4ddc-968a-93b589629da8,416
ligo.warning.546849ba-ddd3-4499-837e-86a896424469,544
ligo.warning.e6a03210-544a-49e6-806d-502f6c402b02,544
ligo.warning.81a1de39-90a9-468e-9124-9bae6c2905ae,544
ligo.warning.f9b6b8c8-dede-4a60-bf7d-1ad9a1f2dcfe,544
ligo.warning.8434f6d2-84b8-4bdb-adf0-b489b38ac8af,544
ligo.warning.22b4c3db-572f-4e9d-8556-848d5f154280,608
ligo.warning.6dabd4f8-7592-4d0d-be67-4eb521c8c2a2,544
ligo.warning.e557e467-9482-42ef-a9eb-c12236aac138,544
ligo.warning.0331c395-5351-485d-ba62-cbbb50d8b25a,416
ligo.warning.4b962cd2-4733-4fe5-b92f-c196539e4e21,416
ligo.warning.5cd8fbba-68b8-41a2-a40c-a5ccb2d62f13,416
ligo.warning.7ce5fe6a-9d53-4531-bc43-1c018b24a780,544
ligo.warning.79d77f82-718a-4d19-97b5-2d819b61e95f,416
ligo.warning.c43abb44-3fb7-41ef-bd6d-98cfe628dcbc,416
ligo.warning.0309e496-4dd5-46ac-b551-c2578d0c4d6d,416
ligo.warning.5e481692-0eb1-4a6f-ad75-9fd326b73ac4,544
PortfolioRedis:f164583e-7d81-41f5-ae06-e1a7888864de,979
ligo.warning.ba9c8710-11da-444a-9359-7a211e56b980,416
ligo.warning.a849a1ca-eaa6-43f9-beac-0e35fcb51ca3,416
ligo.warning.9a056a80-281e-4600-bfa3-1b861d82a363,416
ligo.warning.d7828844-6c5a-4d2b-81bf-5992bbb11ed6,416
ligo.warning.718d15ea-ce6d-4a5b-98d6-51380b25bee2,544
ligo.warning.20ba5ef5-29ab-444a-8ea8-740d9f3d2305,544
ligo.warning.4fccfb0c-b89a-4d14-9fa3-5533cc4d4c34,544
ligo.warning.1c6079f6-4d7a-4ee5-9de2-b6ba461ede42,544
ligo.warning.6e3e80cb-51cf-4928-b60c-ef12f0ab5b11,544
ligo.warning.66e61803-5607-4fe6-bc0e-9e7a008e114c,544
ligo.warning.1a807b54-1e02-4578-ab9c-cbc0cf81185d,416
ligo.warning.fa58751a-0fcf-4c7b-9a57-ff9040cae0e0,544
ligo.warning.3a2598fc-90d6-4adb-90cc-eadd36c0bfbd,416
ligo.warning.bf6c0900-1a29-4d33-9a05-eb8d24b0ef84,416
ligo.warning.8624fe0f-ee33-42b8-b8e6-cc8285c32204,544
ligo.warning.423930f7-980e-486f-af4c-8b7eacae4df9,416
ligo.warning.a254411f-34b6-431a-970c-9d0d43a97c45,416
ligo.warning.5dfb30c6-cbcf-40e2-bceb-030d7d737ad5,544
ligo.warning.4a904fa3-9f7a-4bc8-bfb0-eaa41b9dec7a,416
ligo.warning.5c558140-ec0c-4ff3-b071-f9015be50e8a,416
ligo.warning.48a57421-d8e0-4e12-92dd-451828462dfe,416
ligo.warning.2812645c-1ed7-4dcb-aa54-4823aeca9dc7,608
ligo.warning.61d17b2b-3d57-49d5-8014-49bddad33655,608
ligo.warning.59d83341-08d3-4c4d-a61f-2f8b97d9648e,544
ligo.warning.08dd487f-e238-4c65-979a-586561dbc242,416
ligo.warning.2d07fa1b-51c5-423a-9cda-64a89699fbf1,416
ligo.warning.cce34256-a4b1-4dd1-8894-6ab600e57a8f,544
ligo.warning.44c1d266-00a6-4a68-aad1-e0e56d046e91,544
ligo.warning.32f1e9ce-b02e-4701-9945-b0b50017efc1,544
ligo.warning.8849c53f-126c-4d44-9455-28255a814bd6,544
ligo.warning.2b5ba4ee-0645-440d-bc78-a36af350e192,416
ligo.warning.1c4b3ecf-e4fb-4e35-a93a-29b852589aba,416
ligo.warning.988098e5-e827-4243-a712-e41bfc0ac5f9,416
ligo.warning.c2096322-8b6e-48dc-bb56-d9fb704f04e7,416
ligo.warning.ff671ffb-9a58-460c-b954-31ba90ef4655,416
ligo.warning.1ceadcf1-2bf9-4f76-b6a1-837b39e5619f,544
ligo.warning.b834f2db-005f-47b9-afda-e655e03e6870,416
ligo.warning.e406d6e7-686c-49b8-9bf0-0507caa2d9de,416
ligo.warning.ed4bbbad-8871-422e-999f-de8f5777b2b3,416
ligo.warning.05d86a28-a52c-438d-8ce3-b55a9cd387a6,544
ligo.warning.d1be8cc0-db26-4e0c-b975-dd94151f9e9b,416
ligo.warning.f6f4c3f8-e532-4cff-9d6d-3d400d7745c4,544
ligo.warning.60420155-1785-4d0b-951e-6f18f3c87495,416
ligo.warning.e33b8fb9-6e76-49e9-8e53-092383a5d0f3,416
ligo.warning.971637a0-d287-4e99-bd27-521540e1f1c1,544
ligo.warning.5e49adfa-5f4f-4350-9583-83bc9fe16c10,608
ligo.warning.77c33ad6-f78e-41a6-8f7c-6f330ec8ad55,416
ligo.warning.9b98240d-8d1c-4cb8-aedf-67164490fe48,608
ligo.warning.9364ed99-9a3e-4689-b608-440b93424b60,544
ligo.warning.6909935f-bfdf-4333-a06d-83c3702ddd4e,544
ligo.warning.890cfc8b-7231-4905-9fb7-fc7d934c6a80,416
ligo.warning.98184809-073d-405b-9945-a8ef6cac43fa,416
ligo.warning.d7b1fb39-1d73-49d1-9cf0-fd3d026ab81c,608
ligo.warning.3eacf391-fb74-40d3-84ac-dc6080c6cdc8,544
ligo.warning.5b5c6655-6c20-4421-9316-87cbf9459325,544
ligo.warning.a80c14a6-1539-42ee-9a0d-491f501e08b2,416
ligo.warning.1e65a8b5-a96d-42bb-9a9b-89fea96278ad,416
ligo.warning.6820f6d6-145b-4086-a78b-109ca05940c1,416
ligo.warning.0753bb89-3862-4857-9c5f-222279a718e1,544
ligo.warning.65517f62-6cb3-4d12-a22a-e92b52c0e7f4,544
ligo.warning.fd021587-dcb9-49ce-be79-155db000893f,416
ligo.warning.d1db6d66-00f4-46ca-b12f-c2e263318de9,416
ligo.warning.f4e921a6-ea21-4ef3-97cb-c8ee9340ed1a,608
ligo.warning.212b04b8-7e6f-4c73-be4d-b6eb51012d94,544
ligo.warning.a8991ef3-d07d-4d56-b4b3-6fd2254a00da,416
ligo.warning.75a20f65-81ab-45f1-93f5-e8f4ea603bb7,544
ligo.warning.bcd10705-a1c1-42c2-a54e-f5cca25641f1,416
ligo.warning.0c0dfc9b-2171-47f0-944f-f798bde43526,544
